name,acquisition,sectors,startDate,endDate,frequency
Adknowledge,Cubics,Advertising,2007,2008,10
Adknowledge,Media Run,Advertising,2007,2008,10
Adknowledge,Lookery,Advertising,2008,2009,10
Adknowledge,Adonomics,Advertising,2008,2009,10
Adknowledge,MIVA,Advertising,2009,2010,10
Adknowledge,KITN Media,Advertising,2009,2010,10
Adknowledge,Hydra Group,Advertising,2010,2011,10
Adknowledge,HydraMedia,Advertising,2010,2011,10
Adknowledge,AdParlor,Advertising,2011,2012,10
Adknowledge,SocialWeekend Labs,Advertising,2013,2014,10
Adobe Systems,Emerald City Software,Software,1990,1991,38
Adobe Systems,BluePoint Technologies,Hardware,1990,1991,38
Adobe Systems,OCR Systems,Software,1992,1993,38
Adobe Systems,Aldus Corp,Software,1994,1995,38
Adobe Systems,Photoshop,Software,1995,1996,38
Adobe Systems,Frame Technology,Software,1995,1996,38
Adobe Systems,Ares Software,Software,1996,1997,38
Adobe Systems,Sandcastle,Software,1997,1998,38
Adobe Systems,HyWay Ferranti,Software,1997,1998,38
Adobe Systems,DigiDox,Software,1997,1998,38
Adobe Systems,GoLive Systems,Software,1999,2000,38
Adobe Systems,Fotiva,Software,2001,2002,38
Adobe Systems,Accelio Corporation,Software,2002,2003,38
Adobe Systems,OKYZ,Software,2004,2005,38
Adobe Systems,Macromedia,Software,2005,2006,38
Adobe Systems,Navisware,Software,2005,2006,38
Adobe Systems,Trade and Technologies France,Software,2006,2007,38
Adobe Systems,Pixmantec,Software,2006,2007,38
Adobe Systems,InterAKT,Software,2006,2007,38
Adobe Systems,Serious Magic,Software,2006,2007,38
Adobe Systems,Amicima,Software,2006,2007,38
Adobe Systems,Virtual Ubiquity,Software,2007,2008,38
Adobe Systems,Adobe Scene7,Software,2007,2008,38
Adobe Systems,YaWah,Software,2008,2009,38
Adobe Systems,Omniture,Advertising,2009,2010,38
Adobe Systems,GoodBarry,Software,2009,2010,38
Adobe Systems,Day Software,Software,2010,2011,38
Adobe Systems,Typekit,Software,2011,2012,38
Adobe Systems,IRIDAS,Software,2011,2012,38
Adobe Systems,Efficient Frontier,Advertising,2011,2012,38
Adobe Systems,Demdex,Advertising,2011,2012,38
Adobe Systems,EchoSign,Software,2011,2012,38
Adobe Systems,Auditude,Advertising,2011,2012,38
Adobe Systems,Nitobi Software,Software,2011,2012,38
Adobe Systems,Behance,Social,2012,2013,38
Adobe Systems,Thumb Labs,Mobile,2013,2014,38
Adobe Systems,Neolane,Software,2013,2014,38
Adobe Systems,Ideacodes,Media,2013,2014,38
Amazon,Bookpages,Other,1998,1999,36
Amazon,IMDB,Media,1998,1999,36
Amazon,Accept.Com,eCommerce,1999,2000,36
Amazon,Exchange.Com,eCommerce,1999,2000,36
Amazon,Alexa,Other,1999,2000,36
Amazon,CDNOW,eCommerce,2003,2004,36
Amazon,BookSurge,Other,2005,2006,36
Amazon,Mobipocket.com,Mobile,2005,2006,36
Amazon,CustomFlix,Media,2005,2006,36
Amazon,Shopbop,eCommerce,2006,2007,36
Amazon,dpreview,Other,2007,2008,36
Amazon,Brilliance Audio,eCommerce,2007,2008,36
Amazon,Shelfari,Social,2008,2009,36
Amazon,Fabric.com,eCommerce,2008,2009,36
Amazon,Audible,Media,2008,2009,36
Amazon,AbeBooks,eCommerce,2008,2009,36
Amazon,Reflexive Entertainment,Gaming,2008,2009,36
Amazon,Without A Box,Media,2008,2009,36
Amazon,Zappos,eCommerce,2009,2010,36
Amazon,SnapTell,Advertising,2009,2010,36
Amazon,Lexcycle,Mobile,2009,2010,36
Amazon,Amie Street,Social,2010,2011,36
Amazon,Woot,ecommerce,2010,2011,36
Amazon,Touchco,Hardware,2010,2011,36
Amazon,Quidsi,eCommerce,2010,2011,36
Amazon,Quorus,Software,2011,2012,36
Amazon,Pushbutton,Gaming,2011,2012,36
Amazon,The Book Depository,eCommerce,2011,2012,36
Amazon,LOVEFiLM,Gaming,2012,2013,36
Amazon,TeachStreet,Other,2012,2013,36
Amazon,UpNext,Mobile,2012,2013,36
Amazon,Kiva Systems,Hardware,2012,2013,36
Amazon,Liquavista,Hardware,2013,2014,36
Amazon,IVONA Text-To-Speech,Software,2013,2014,36
Amazon,Goodreads,Search,2013,2014,36
Amazon,Screentech,Hardware,2013,2014,36
AOL,BookLink Technologies,Software,1994,1995,56
AOL,NaviSoft,Software,1994,1995,56
AOL,Medior,Other,1995,1996,56
AOL,Johnson-Grace,Other,1996,1997,56
AOL,ImagiNation Network,Gaming,1996,1997,56
AOL,Global Network Navigator,Advertising,1996,1997,56
AOL,CompuServe,Services,1997,1998,56
AOL,Netscape,Software,1998,1999,56
AOL,Personal Library Software,Search,1998,1999,56
AOL,When,Mobile,1999,2000,56
AOL,Spinner.com,Media,1999,2000,56
AOL,MapQuest,Other,1999,2000,56
AOL,Nullsoft,Media,1999,2000,56
AOL,MovieFone,Media,1999,2000,56
AOL,Quack,Social,2000,2001,56
AOL,iAmaze,Software,2000,2001,56
AOL,eVoice,Social,2001,2002,56
AOL,InfoInterActive,Software,2001,2002,56
AOL,Singing Fish,Media,2003,2004,56
AOL,Advertising.com,Advertising,2004,2005,56
AOL,Xdrive,Software,2005,2006,56
AOL,Weblogs,Other,2005,2006,56
AOL,MusicNow,Media,2005,2006,56
AOL,WildSeed,Mobile,2005,2006,56
AOL,MailBlocks,Other,2005,2006,56
AOL,Userplane,Software,2006,2007,56
AOL,Truveo,Search,2006,2007,56
AOL,Lightningcast,Advertising,2006,2007,56
AOL,Relegence,Media,2006,2007,56
AOL,GameDaily,Gaming,2006,2007,56
AOL,Third Screen Media,Advertising,2007,2008,56
AOL,Tacoda,Advertising,2007,2008,56
AOL,Quigo,Advertising,2007,2008,56
AOL,Yedda,Social,2007,2008,56
AOL,ADTECHIQ,Advertising,2007,2008,56
AOL,Surphace,Other,2008,2009,56
AOL,Socialthing,Social,2008,2009,56
AOL,Goowy,Software,2008,2009,56
AOL,buy.at,Advertising,2008,2009,56
AOL,Sphere,Mobile,2008,2009,56
AOL,Going,Social,2009,2010,56
AOL,Emurse,Other,2009,2010,56
AOL,Patch,Media,2009,2010,56
AOL,MMAFighting.com,MEdia,2009,2010,56
AOL,TechCrunch,Media,2010,2011,56
AOL,5min Media,Media,2010,2011,56
AOL,Thing Labs,Software,2010,2011,56
AOL,StudioNow,Media,2010,2011,56
AOL,Pictela,Advertising,2010,2011,56
AOL,Unblab,Social,2010,2011,56
AOL,Rally Up,Social,2010,2011,56
AOL,Outside.in,Media,2011,2012,56
AOL,Huffington Post,Other,2011,2012,56
AOL,Hipster,Social,2012,2013,56
AOL,Certify Data Systems,Software,2012,2013,56
AOL,gdgt,Hardware,2013,2014,56
Apple,Orion Network Systems,Other,1988,1989,34
Apple,Styleware,Other,1988,1989,34
Apple,Nashoba Systems,Software,1988,1989,34
Apple,Network Innovations,Media,1988,1989,34
Apple,Coral Software,Software,1989,1990,34
Apple,NeXT Computer,Hardware,1997,1998,34
Apple,Xemplar Education,Hardware,1999,2000,34
Apple,Raycer Graphics,Hardware,1999,2000,34
Apple,NetSelector,Software,2000,2001,34
Apple,Spruce Technologies,Software,2001,2002,34
Apple,Nothing Real,Software,2002,2003,34
Apple,Propel Software,Other,2002,2003,34
Apple,Emagic,Software,2002,2003,34
Apple,Zayante,Hardware,2002,2003,34
Apple,Proximity,Software,2006,2007,34
Apple,Silicon Color,Software,2006,2007,34
Apple,Fingerworks,Hardware,2007,2008,34
Apple,PA Semi,Hardware,2008,2009,34
Apple,Lala,Media,2009,2010,34
Apple,Placebase,Other,2009,2010,34
Apple,Polar Rose,Other,2010,2011,34
Apple,Quattro Wireless,Advertising,2010,2011,34
Apple,Siri,Software,2010,2011,34
Apple,Poly9,Software,2010,2011,34
Apple,imsense,Software,2010,2011,34
Apple,Intrinsity,Hardware,2010,2011,34
Apple,PowerSchool,Other,2011,2012,34
Apple,Anobit Technologies,Hardware,2011,2012,34
Apple,Particle,Hardware,2012,2013,34
Apple,AuthenTec,Hardware,2012,2013,34
Apple,Chomp,Mobile,2012,2013,34
Apple,Locationary,Other,2013,2014,34
Apple,WiFiSLAM,Mobile,2013,2014,34
Apple,HopStop.com,Other,2013,2014,34
AT&T,YellowPages,Other,2004,2005,14
AT&T,inFreeDA,Advertising,2006,2007,14
AT&T,Edge Wireless,Services,2007,2008,14
AT&T,Dobson Communications,Services,2007,2008,14
AT&T,Ingenio,eCommerce,2007,2008,14
AT&T,Wayport,Hardware,2008,2009,14
AT&T,Centennial Communications Corp,Mobile,2009,2010,14
AT&T,Sterling Commerce,Software,2009,2010,14
AT&T,Plusmo,Mobile,2009,2010,14
AT&T,Xanboo,Software,2010,2011,14
AT&T,Superclick Networks,Other,2011,2012,14
AT&T,T-Mobile,Mobile,2011,2012,14
AT&T,NextWave Wireless,Mobile,2012,2013,14
AT&T,Leap Wireless,Mobile,2013,2014,14
Autodesk,Robobat,Software,2006,2007,16
Autodesk,Moldflow,Software,2008,2009,16
Autodesk,SoftImage,Software,2008,2009,16
Autodesk,3D Geo,Software,2008,2009,16
Autodesk,PlanPlatform,Software,2009,2010,16
Autodesk,ALGOR,Software,2009,2010,16
Autodesk,Illuminate Labs,Gaming,2010,2011,16
Autodesk,Numenus,Software,2011,2012,16
Autodesk,Blue Ridge Numerics,Software,2011,2012,16
Autodesk,Instructables,Other,2011,2012,16
Autodesk,Pixlr,Software,2011,2012,16
Autodesk,Qontext,Software,2012,2013,16
Autodesk,Vela Systems,Software,2012,2013,16
Autodesk,Socialcam,Mobile,2012,2013,16
Autodesk,Tinkercad,Hardware,2013,2014,16
Autodesk,Firehole Composites,Software,2013,2014,16
Automattic,Gravatar,Social,2007,2008,10
Automattic,IntenseDebate,Social,2008,2009,10
Automattic,PollDaddy,Social,2008,2009,10
Automattic,Buddy Press,Software,2008,2009,10
Automattic,Blo.gs,Social,2009,2010,10
Automattic,After the Deadline,Software,2009,2010,10
Automattic,CodeGarage,Other,2012,2013,10
Automattic,Simperium,Mobile,2013,2014,10
Automattic,Lean Domain Search,Software,2013,2014,10
Automattic,Poster,Software,2013,2014,10
Blackberry,Ascendent Systems,Services,2006,2007,19
Blackberry,Epoch Integration,Software,2006,2007,19
Blackberry,SlipStream Data,Services,2006,2007,19
Blackberry,Chalk,Software,2008,2009,19
Blackberry,Alt-N Technologies,Software,2009,2010,19
Blackberry,Certicom,Services,2009,2010,19
Blackberry,Dash,Mobile,2009,2010,19
Blackberry,Torch Mobile,Mobile,2009,2010,19
Blackberry,TAT - The Astonishing Tribe,Software,2010,2011,19
Blackberry,Viigo,Mobile,2010,2011,19
Blackberry,Cellmania,Mobile,2010,2011,19
Blackberry,QNX Software Systems,Software,2010,2011,19
Blackberry,Gist,Mobile,2011,2012,19
Blackberry,Scoreloop,Gaming,2011,2012,19
Blackberry,TinyHippos,Mobile,2011,2012,19
Blackberry,Tungle.me,Software,2011,2012,19
Blackberry,NewBay,Mobile,2011,2012,19
Blackberry,Ubitexx,Software,2011,2012,19
Blackberry,Paratek,Mobile,2012,2013,19
BMC Software,ProactiveNet,Software,2007,2008,12
BMC Software,BladeLogic,Services,2008,2009,12
BMC Software,ITM Software,Software,2008,2009,12
BMC Software,MQSoftware,Software,2009,2010,12
BMC Software,Phurnace Software,Software,2010,2011,12
BMC Software,Neptuny,Software,2010,2011,12
BMC Software,GridApp Systems,Software,2010,2011,12
BMC Software,StreamStep,Software,2011,2012,12
BMC Software,Coradiant,Software,2011,2012,12
BMC Software,Aeroprise,Mobile,2011,2012,12
BMC Software,Numara Software,Software,2012,2013,12
BMC Software,VaraLogix,Software,2012,2013,12
Broadcom,Ocatalica,Hardware,2007,2008,11
Broadcom,DuneNetworks,Hardware,2009,2010,11
Broadcom,Beceem Communications,Hardware,2010,2011,11
Broadcom,Gigle Networks,Hardware,2010,2011,11
Broadcom,Percello,Hardware,2010,2011,11
Broadcom,Teknovus,Hardware,2010,2011,11
Broadcom,Innovision Research & Technology,Other,2010,2011,11
Broadcom,SCsquare,Hardware,2011,2012,11
Broadcom,Provigent,Hardware,2011,2012,11
Broadcom,NetLogic Microsystems,Hardware,2011,2012,11
Broadcom,BroadLight,Software,2012,2013,11
CA Technologies,Optinuity,Software,2008,2009,13
CA Technologies,NetQoS,Software,2009,2010,13
CA Technologies,Cassatt,Software,2009,2010,13
CA Technologies,Orchestria Corporation,Software,2009,2010,13
CA Technologies,Nimsoft,Software,2010,2011,13
CA Technologies,3Tera,Software,2010,2011,13
CA Technologies,Arcot Systems,Software,2010,2011,13
CA Technologies,Hyperformix,Software,2010,2011,13
CA Technologies,Oblicore,Software,2010,2011,13
CA Technologies,WatchMouse,Software,2011,2012,13
CA Technologies,Base Technologies,Software,2011,2012,13
CA Technologies,Interactive TKO,Software,2011,2012,13
CA Technologies,Layer 7 Technologies,Software,2013,2014,13
CBS,American Radio Systems,Media,1997,1998,11
CBS,King World Productions,Media,2000,2001,11
CBS,SignStorey,Media,2007,2008,11
CBS,Last.fm,Social,2007,2008,11
CBS,WallStrip,Media,2007,2008,11
CBS,Dotspotter,Social,2007,2008,11
CBS,MaxPreps,Media,2007,2008,11
CBS,CNET Networks,Media,2008,2009,11
CBS,EcoMedia,Media,2010,2011,11
CBS,Clicker,Media,2011,2012,11
Cisco,Crescendo Communications,Hardware,1993,1994,158
Cisco,Newport Systems Solutions,Hardware,1994,1995,158
Cisco,Kalpana,Hardware,1994,1995,158
Cisco,Combinet,Other,1995,1996,158
Cisco,Internet Junction,Software,1995,1996,158
Cisco,Grand Junction Networks,Hardware,1995,1996,158
Cisco,Network Translation,Software,1995,1996,158
Cisco,TGV Software,Software,1996,1997,158
Cisco,StrataCom,Services,1996,1997,158
Cisco,Telebit,Other,1996,1997,158
Cisco,Nashoba Networks,Hardware,1996,1997,158
Cisco,NetSys Technologies,Software,1996,1997,158
Cisco,Telesend,Hardware,1997,1998,158
Cisco,Skystone Systems,Hardware,1997,1998,158
Cisco,Ardent Communications,Advertising,1997,1998,158
Cisco,Global Internet Software Group,Software,1997,1998,158
Cisco,DAGAZ Technologies,Hardware,1997,1998,158
Cisco,LightSpeed International,Hardware,1997,1998,158
Cisco,WheelGroup,Software,1998,1999,158
Cisco,NetSpeed,Software,1998,1999,158
Cisco,CLASS Data Systems,Other,1998,1999,158
Cisco,Precept Software,Software,1998,1999,158
Cisco,Summa Four,Media,1998,1999,158
Cisco,American Internet Corporation,Other,1998,1999,158
Cisco,Clarity Wireless,Software,1998,1999,158
Cisco,Selsius Systems,Hardware,1998,1999,158
Cisco,PipeLinks,Hardware,1998,1999,158
Cisco,GeoTel Communications,Software,1999,2000,158
Cisco,Fibex Systems,Hardware,1999,2000,158
Cisco,Amteva Technologies,Software,1999,2000,158
Cisco,TransMedia Communications,Hardware,1999,2000,158
Cisco,StratumOne Communications,Hardware,1999,2000,158
Cisco,CALISTA,Other,1999,2000,158
Cisco,Maxcomm Technologies,Other,1999,2000,158
Cisco,MONTEREY NETWORKS,Other,1999,2000,158
Cisco,Cocom,Other,1999,2000,158
Cisco,WebLine Communications,Other,1999,2000,158
Cisco,Tasmania Network Systems,Other,1999,2000,158
Cisco,Aironet Wireless Communications,Other,1999,2000,158
Cisco,V-Bits,Other,1999,2000,158
Cisco,Worldwide Data Systems,Other,1999,2000,158
Cisco,Internet Engineering Group,Other,1999,2000,158
Cisco,Pirelli Optical Systems,Other,1999,2000,158
Cisco,Sentient Networks,Other,1999,2000,158
Cisco,Cerent,Other,1999,2000,158
Cisco,Altiga Networks,Hardware,2000,2001,158
Cisco,Compatible Systems,Other,2000,2001,158
Cisco,Growth Networks,Other,2000,2001,158
Cisco,Atlantech Technologies,Other,2000,2001,158
Cisco,JetCell,Other,2000,2001,158
Cisco,InfoGear Technology,Other,2000,2001,158
Cisco,SightPath,Other,2000,2001,158
Cisco,Pentacom,Other,2000,2001,158
Cisco,ArrowPoint Communications,Other,2000,2001,158
Cisco,Qeyton Systems,Other,2000,2001,158
Cisco,HyNEX,Other,2000,2001,158
Cisco,NuSpeed Internet Systems,Other,2000,2001,158
Cisco,Netiverse,Other,2000,2001,158
Cisco,Komodo Technology,Other,2000,2001,158
Cisco,IPmobile,Other,2000,2001,158
Cisco,PixStream,Other,2000,2001,158
Cisco,IPCell Technologies,Other,2000,2001,158
Cisco,Vovida Networks,Other,2000,2001,158
Cisco,CAIS Software Solutions,Other,2000,2001,158
Cisco,Radiata,Other,2000,2001,158
Cisco,Active Voice Corporation,Other,2000,2001,158
Cisco,ExiO Communications,Other,2000,2001,158
Cisco,Cisco,Other,2000,2001,158
Cisco,Allegro Systems,Other,2001,2002,158
Cisco,Navarro Networks,Hardware,2002,2003,158
Cisco,Hammerhead Networks,Other,2002,2003,158
Cisco,AYR Networks,Other,2002,2003,158
Cisco,Psionic Software,Other,2002,2003,158
Cisco,Andiamo Systems,Other,2002,2003,158
Cisco,Okena,Software,2003,2004,158
Cisco,SignalWorks,Other,2003,2004,158
Cisco,The Linksys Group,Other,2003,2004,158
Cisco,Latitude Communications,Other,2003,2004,158
Cisco,Twingo Systems,Software,2004,2005,158
Cisco,Riverhead Networks,Other,2004,2005,158
Cisco,Actona Technologies,Other,2004,2005,158
Cisco,Parc Technologies,Other,2004,2005,158
Cisco,P-Cube,Other,2004,2005,158
Cisco,NetSolve,Other,2004,2005,158
Cisco,DynamicSoft,Other,2004,2005,158
Cisco,Perfigo,Other,2004,2005,158
Cisco,Jahi Networks,Other,2004,2005,158
Cisco,BCN Systems,Other,2004,2005,158
Cisco,Protego Networks,Other,2004,2005,158
Cisco,Topspin Communications,Hardware,2005,2006,158
Cisco,Vihana,Other,2005,2006,158
Cisco,Sipura Technology,Other,2005,2006,158
Cisco,M. I. Secure Corporation,Other,2005,2006,158
Cisco,FineGround Networks,Other,2005,2006,158
Cisco,NetSift,Other,2005,2006,158
Cisco,KiSS Technology,Other,2005,2006,158
Cisco,Sheer Networks,Other,2005,2006,158
Cisco,Nemo Systems,Other,2005,2006,158
Cisco,Airespace,Other,2005,2006,158
Cisco,Metreos Corporation,Software,2006,2007,158
Cisco,Arroyo Video Solutions,Media,2006,2007,158
Cisco,Sypixx Networks,Other,2006,2007,158
Cisco,Audium,Other,2006,2007,158
Cisco,Meetinghouse Data Communications,Other,2006,2007,158
Cisco,Orative Corporation,Other,2006,2007,158
Cisco,Greenfield Networks,Other,2006,2007,158
Cisco,Tivella,Other,2006,2007,158
Cisco,Avisena,Other,2006,2007,158
Cisco,Reactivity,Hardware,2007,2008,158
Cisco,Navini Networks,Hardware,2007,2008,158
Cisco,Cognio,Other,2007,2008,158
Cisco,Spans Logic,Other,2007,2008,158
Cisco,Latigent,Other,2007,2008,158
Cisco,IronPort Systems,Other,2007,2008,158
Cisco,Tribe,Other,2007,2008,158
Cisco,WebEx,Other,2007,2008,158
Cisco,Securent,Other,2007,2008,158
Cisco,NeoPath Networks,Other,2007,2008,158
Cisco,BroadWare Technologies,Other,2007,2008,158
Cisco,FiveAcross,Other,2007,2008,158
Cisco,PostPath,Social,2008,2009,158
Cisco,Jabber,Other,2008,2009,158
Cisco,Nuova Systems,Other,2008,2009,158
Cisco,Fast Data Technology,Other,2008,2009,158
Cisco,Pure Networks,Other,2008,2009,158
Cisco,DiviTech A/S,Other,2008,2009,158
Cisco,Tandberg,Gaming,2009,2010,158
Cisco,ScanSafe,Other,2009,2010,158
Cisco,Pure Digital Technologies,Other,2009,2010,158
Cisco,Richards-Zeta Building Intelligence,Other,2009,2010,158
Cisco,Tidal Software,Other,2009,2010,158
Cisco,Starent Networks,Other,2009,2010,158
Cisco,DVN,Other,2009,2010,158
Cisco,CoreOptics,Hardware,2010,2011,158
Cisco,Extend Media,Other,2010,2011,158
Cisco,LineSider Technologies,Other,2010,2011,158
Cisco,Rohati Systems,Other,2010,2011,158
Cisco,Arch Rock Corporation,Other,2010,2011,158
Cisco,MOTO Development Group,Other,2010,2011,158
Cisco,newScale,Software,2011,2012,158
Cisco,Inlet Technologies,Other,2011,2012,158
Cisco,BNI Video,Other,2011,2012,158
Cisco,Versly,Other,2011,2012,158
Cisco,Virtuata,Other,2012,2013,158
Cisco,ThinkSmart Technologies,Other,2012,2013,158
Cisco,Lightwire,Other,2012,2013,158
Cisco,Meraki,Other,2012,2013,158
Cisco,Truviso,Other,2012,2013,158
Cisco,ClearAccess,Other,2012,2013,158
Cisco,Cloupia,Other,2012,2013,158
Cisco,Cariden Technologies,Other,2012,2013,158
Cisco,Ubiquisys,Mobile,2013,2014,158
Cisco,Composite Software,Other,2013,2014,158
Cisco,Intucell,Other,2013,2014,158
Cisco,Sourcefire,Other,2013,2014,158
Cisco,SolveDirect Service Management,Other,2013,2014,158
Cisco,JouleX,Other,2013,2014,158
Cisco,Cognitive Security,Other,2013,2014,158
Comcast,TechTV,Media,2004,2005,10
Comcast,thePlatform,Gaming,2006,2007,10
Comcast,Adelphia Communications,Other,2006,2007,10
Comcast,Fandango,Media,2007,2008,10
Comcast,Vehix,eCommerce,2008,2009,10
Comcast,Plaxo,Other,2008,2009,10
Comcast,DailyCandy,Other,2008,2009,10
Comcast,Radiance,Other,2008,2009,10
Comcast,The700Level.com,eCommerce,2010,2011,10
Comcast,NBC Universal,Media,2013,2014,10
Dell,Acs (UK),Services,2006,2007,23
Dell,Alienware,Hardware,2006,2007,23
Dell,SilverBack Technologies,Software,2007,2008,23
Dell,Zing Systems,Software,2007,2008,23
Dell,Equallogic,Software,2007,2008,23
Dell,ASAP Software,Software,2007,2008,23
Dell,Everdream,Software,2007,2008,23
Dell,The Networked Storage Company,Other,2008,2009,23
Dell,MessageOne,Other,2008,2009,23
Dell,Perot Systems,Software,2009,2010,23
Dell,Boomi,Software,2010,2011,23
Dell,Scalent Systems,Other,2010,2011,23
Dell,Compellent Technologies,Other,2010,2011,23
Dell,Ocarina Networks,Other,2010,2011,23
Dell,Exanet,Other,2010,2011,23
Dell,Kace networks,Other,2010,2011,23
Dell,SecureWorks,Other,2011,2012,23
Dell,Quest Software,Software,2012,2013,23
Dell,Gale Technologies,Other,2012,2013,23
Dell,AppAssure Software,Software,2012,2013,23
Dell,CREDANT Technologies,Other,2012,2013,23
Dell,Wyse Technology,Other,2012,2013,23
Dell,Enstratius,Software,2013,2014,23
eBay,Jump,Software,1998,1999,41
eBay,alando.de,eCommerce,1999,2000,41
eBay,Butterfield & Butterfield,Other,1999,2000,41
eBay,Billpoint,Other,1999,2000,41
eBay,Half.com,eCommerce,2000,2001,41
eBay,PayPal,Mobile,2002,2003,41
eBay,EachNet,eCommerce,2003,2004,41
eBay,CARad,Other,2003,2004,41
eBay,Marktplaats.nl,Other,2004,2005,41
eBay,Baazee,Other,2004,2005,41
eBay,Skype,Software,2005,2006,41
eBay,Shopping.com,Other,2005,2006,41
eBay,Loquo,Other,2005,2006,41
eBay,Kurant,Other,2005,2006,41
eBay,Tradera,Other,2006,2007,41
eBay,StubHub,eCommerce,2007,2008,41
eBay,MicroPlace,Mobile,2007,2008,41
eBay,Gumtree,Other,2007,2008,41
eBay,ViA-Online,Other,2007,2008,41
eBay,Bill Me Later,eCommerce,2008,2009,41
eBay,Den Bla Avis,Other,2008,2009,41
eBay,Vuvox,Other,2008,2009,41
eBay,Gmarket,Other,2008,2009,41
eBay,Positronic,Search,2009,2010,41
eBay,Critical Path Software,Software,2010,2011,41
eBay,brands4friends,Other,2010,2011,41
eBay,Milo,Other,2010,2011,41
eBay,RedLaser,Other,2010,2011,41
eBay,GSI Commerce,Software,2011,2012,41
eBay,Zong,Other,2011,2012,41
eBay,BillSAFE,Other,2011,2012,41
eBay,The Gifts Project,Other,2011,2012,41
eBay,Where,Other,2011,2012,41
eBay,MissionFish,Other,2011,2012,41
eBay,Magento,Other,2011,2012,41
eBay,Hunch,Other,2011,2012,41
eBay,GittiGidiyor.com,Other,2011,2012,41
eBay,Flockish,Social,2012,2013,41
eBay,Svpply,Other,2012,2013,41
eBay,2dehands.be,eCommerce,2013,2014,41
eBay,2ememain.be,Other,2013,2014,41
Electronic Arts,Distinctive Software,Software,1991,1992,38
Electronic Arts,DROsoft,Gaming,1994,1995,38
Electronic Arts,Bullfrog Productions,Gaming,1995,1996,38
Electronic Arts,Kingsoft,Other,1995,1996,38
Electronic Arts,Manley & Associates,Gaming,1996,1997,38
Electronic Arts,Vision Software PTY,Software,1996,1997,38
Electronic Arts,Maxis,Gaming,1997,1998,38
Electronic Arts,Tiburon Entertainment,Gaming,1998,1999,38
Electronic Arts,ABC Software,Software,1998,1999,38
Electronic Arts,Westwood Studios,Other,1998,1999,38
Electronic Arts,PlayNation,Gaming,1999,2000,38
Electronic Arts,Kesmai,Gaming,1999,2000,38
Electronic Arts,DreamWorks Interactive,Gaming,2000,2001,38
Electronic Arts,Pogo.com,Gaming,2001,2002,38
Electronic Arts,Black Box Games,Gaming,2002,2003,38
Electronic Arts,Studio 33,Gaming,2003,2004,38
Electronic Arts,NuFX,Gaming,2004,2005,38
Electronic Arts,Criterion Software Group,Media,2004,2005,38
Electronic Arts,Hypnotix,Gaming,2005,2006,38
Electronic Arts,Jamdat Mobile,Other,2005,2006,38
Electronic Arts,Mythic Entertainment,Gaming,2006,2007,38
Electronic Arts,Phenomic Game Development,Gaming,2006,2007,38
Electronic Arts,Digital Illusions,Gaming,2006,2007,38
Electronic Arts,Headgate Studios,Gaming,2006,2007,38
Electronic Arts,Super Computer International,Gaming,2007,2008,38
Electronic Arts,VG Holding,Other,2007,2008,38
Electronic Arts,SingShot Media,Other,2007,2008,38
Electronic Arts,J2MSoft,Gaming,2008,2009,38
Electronic Arts,Rupture,Gaming,2008,2009,38
Electronic Arts,ThreeSF,Other,2008,2009,38
Electronic Arts,Playfish,Gaming,2009,2010,38
Electronic Arts,J2Play,Other,2009,2010,38
Electronic Arts,Hands-On Mobile,Other,2009,2010,38
Electronic Arts,Chillingo,Gaming,2010,2011,38
Electronic Arts,KlickNation,Gaming,2011,2012,38
Electronic Arts,PopCap Games,Other,2011,2012,38
Electronic Arts,Firemint,Other,2011,2012,38
Electronic Arts,ESN Social Software,Software,2012,2013,38
EMC,Data General Corporation,Hardware,1999,2000,57
EMC,SOFTWORKS,Software,1999,2000,57
EMC,CrosStor Software,Software,2000,2001,57
EMC,FilePool,Other,2001,2002,57
EMC,Prisa Networks,Software,2002,2003,57
EMC,Legato Systems,Software,2003,2004,57
EMC,Astrum Software,Other,2003,2004,57
EMC,Documentum,Other,2003,2004,57
EMC,Allocity,Hardware,2004,2005,57
EMC,Dantz Development Corporation,Other,2004,2005,57
EMC,VMware,Other,2004,2005,57
EMC,SMARTS,Hardware,2005,2006,57
EMC,Acartus,Other,2005,2006,57
EMC,Captiva Software,Other,2005,2006,57
EMC,Rainfinity,Other,2005,2006,57
EMC,RSA Security,Hardware,2006,2007,57
EMC,Network Intelligence,Other,2006,2007,57
EMC,Authentica,Other,2006,2007,57
EMC,Kashya,Other,2006,2007,57
EMC,Internosis,Other,2006,2007,57
EMC,Interlink Group,Other,2006,2007,57
EMC,ProActivity,Other,2006,2007,57
EMC,Neartek,Other,2006,2007,57
EMC,Avamar Technologies,Other,2006,2007,57
EMC,nlayers,Other,2006,2007,57
EMC,Verid,Other,2007,2008,57
EMC,Valyd Software,Software,2007,2008,57
EMC,Geniant,Other,2007,2008,57
EMC,X-Hive Corporation,Other,2007,2008,57
EMC,BusinessEdge Solutions,Other,2007,2008,57
EMC,Voyence,Other,2007,2008,57
EMC,Mozy,Other,2007,2008,57
EMC,Document Sciences,Software,2008,2009,57
EMC,Infra Corporation,Other,2008,2009,57
EMC,Conchango,Other,2008,2009,57
EMC,PI Corporation,Other,2008,2009,57
EMC,Iomega,Other,2008,2009,57
EMC,Decho,Other,2008,2009,57
EMC,WysDM Software,Other,2008,2009,57
EMC,Kazeon,Software,2009,2010,57
EMC,Data Domain,Other,2009,2010,57
EMC,FastScaleTechnology,Other,2009,2010,57
EMC,Configuresoft,Other,2009,2010,57
EMC,Isilon Systems,Software,2010,2011,57
EMC,Bus-Tech,Other,2010,2011,57
EMC,Greenplum Software,Other,2010,2011,57
EMC,Archer Technologies,Other,2010,2011,57
EMC,NetWitness,Software,2011,2012,57
EMC,Watch4Net,Software,2012,2013,57
EMC,Silicium Security,Other,2012,2013,57
EMC,Syncplicity,Software,2012,2013,57
EMC,XtremIO,Software,2012,2013,57
EMC,Pivotal Labs,Other,2012,2013,57
EMC,Likewise Software,Other,2012,2013,57
EMC,Silver Tail Systems,Other,2012,2013,57
EMC,Aveksa,Software,2013,2014,57
EMC,ScaleIO,Other,2013,2014,57
Facebook,Parakey,Social,2007,2008,37
Facebook,FriendFeed,Social,2009,2010,37
Facebook,drop.io,Other,2010,2011,37
Facebook,Chai Labs,Other,2010,2011,37
Facebook,Zenbe,Other,2010,2011,37
Facebook,Divvyshot,Other,2010,2011,37
Facebook,Nextstop,Other,2010,2011,37
Facebook,ShareGrove,Other,2010,2011,37
Facebook,Hot Potato,Other,2010,2011,37
Facebook,Octazen Solutions,Software,2010,2011,37
Facebook,Beluga,Mobile,2011,2012,37
Facebook,Strobe,Other,2011,2012,37
Facebook,Digital Staircase,Other,2011,2012,37
Facebook,WhoGlue,Other,2011,2012,37
Facebook,Snaptu,Other,2011,2012,37
Facebook,Push Pop Press,Other,2011,2012,37
Facebook,Gowalla,Other,2011,2012,37
Facebook,Rel8tion,Other,2011,2012,37
Facebook,Pursuit,Other,2011,2012,37
Facebook,Sofa,Other,2011,2012,37
Facebook,Lightbox,Mobile,2012,2013,37
Facebook,Friend.ly,Other,2012,2013,37
Facebook,Tagtile,Other,2012,2013,37
Facebook,Glancee,Other,2012,2013,37
Facebook,threadsy,Other,2012,2013,37
Facebook,GazeHawk,Other,2012,2013,37
Facebook,Sendoid,Other,2012,2013,37
Facebook,Spool,Other,2012,2013,37
Facebook,Face.com,Other,2012,2013,37
Facebook,Instagram,Other,2012,2013,37
Facebook,Karma,Other,2012,2013,37
Facebook,Storylane,Social,2013,2014,37
Facebook,Spaceport.io,Other,2013,2014,37
Facebook,Parse,Other,2013,2014,37
Facebook,Atlas Advertiser Suite,Other,2013,2014,37
Facebook,Osmeta,Other,2013,2014,37
Facebook,Monoidics,Other,2013,2014,37
Google,Deja,Other,2001,2002,125
Google,Outride,Other,2001,2002,125
Google,Pyra Labs,Software,2003,2004,125
Google,Neotonic Software,Other,2003,2004,125
Google,Sprinks,Other,2003,2004,125
Google,Genius Labs,Other,2003,2004,125
Google,Kaltix,Other,2003,2004,125
Google,Applied Semantics,Other,2003,2004,125
Google,Ignite Logic,Services,2004,2005,125
Google,ZipDash,Other,2004,2005,125
Google,Where2,Other,2004,2005,125
Google,Keyhole.co,Other,2004,2005,125
Google,Dodgeball,Mobile,2005,2006,125
Google,Urchin Software,Software,2005,2006,125
Google,Reqwireless,Other,2005,2006,125
Google,Skia,Other,2005,2006,125
Google,Akwan Information Technologies,Other,2005,2006,125
Google,Phatbits,Other,2005,2006,125
Google,allPAY,Other,2005,2006,125
Google,bruNET,Other,2005,2006,125
Google,JotSpot,Software,2006,2007,125
Google,YouTube,Other,2006,2007,125
Google,dMarc Broadcasting,Other,2006,2007,125
Google,Measure Map,Other,2006,2007,125
Google,Upstartle,Other,2006,2007,125
Google,@Last Software,Other,2006,2007,125
Google,Orion,Other,2006,2007,125
Google,2Web Technologies,Other,2006,2007,125
Google,Neven Vision,Other,2006,2007,125
Google,Endoxon,Other,2006,2007,125
Google,Postini,Other,2007,2008,125
Google,GrandCentral,Other,2007,2008,125
Google,Jaiku,Other,2007,2008,125
Google,FeedBurner,Other,2007,2008,125
Google,GreenBorder,Other,2007,2008,125
Google,Zenter,Other,2007,2008,125
Google,Panoramio,Other,2007,2008,125
Google,Adscape,Other,2007,2008,125
Google,Trendalyzer,Other,2007,2008,125
Google,Tonic Systems,Other,2007,2008,125
Google,Marratech,Other,2007,2008,125
Google,PeakStream,Other,2007,2008,125
Google,Zingku,Other,2007,2008,125
Google,"Image America, Inc.",Other,2007,2008,125
Google,Omnisio,Gaming,2008,2009,125
Google,TNC,Social,2008,2009,125
Google,AdMob,Advertising,2009,2010,125
Google,Gizmo5,Other,2009,2010,125
Google,AppJet,Other,2009,2010,125
Google,DocVerse,Other,2009,2010,125
Google,Teracent,Other,2009,2010,125
Google,reCAPTCHA,Other,2009,2010,125
Google,Like.com,Search,2010,2011,125
Google,Aardvark,Search,2010,2011,125
Google,On2 Technologies,Other,2010,2011,125
Google,Widevine Technologies,Other,2010,2011,125
Google,SocialDeck,Other,2010,2011,125
Google,MentorWave Technologies,Other,2010,2011,125
Google,Global IP Solutions,Other,2010,2011,125
Google,Plannr,Other,2010,2011,125
Google,Phonetic Arts,Other,2010,2011,125
Google,Zetawire,Other,2010,2011,125
Google,Slide,Other,2010,2011,125
Google,Metaweb Technologies,Other,2010,2011,125
Google,SayNow,Other,2010,2011,125
Google,Picnik,Other,2010,2011,125
Google,Invite Media,Other,2010,2011,125
Google,Episodic,Other,2010,2011,125
Google,Jambool,Other,2010,2011,125
Google,BumpTop,Other,2010,2011,125
Google,LabPixies,Other,2010,2011,125
Google,Angstro,Other,2010,2011,125
Google,reMail,Other,2010,2011,125
Google,Simplify Media,Other,2010,2011,125
Google,Ruba,Other,2010,2011,125
Google,Plink Solutions,Other,2010,2011,125
Google,Agnilux,Other,2010,2011,125
Google,Quiksee,Other,2010,2011,125
Google,Freebase,Other,2010,2011,125
Google,Instantiations,Other,2010,2011,125
Google,BlindType,Other,2010,2011,125
Google,Clever Sense,Social,2011,2012,125
Google,PittPatt,Other,2011,2012,125
Google,Zave Networks,Other,2011,2012,125
Google,SocialGrapple,Other,2011,2012,125
Google,modu,Other,2011,2012,125
Google,Admeld,Other,2011,2012,125
Google,JustSpotted,Other,2011,2012,125
Google,DailyDeal,Other,2011,2012,125
Google,fflick,Other,2011,2012,125
Google,zynamics,Other,2011,2012,125
Google,Fridge,Other,2011,2012,125
Google,Sparkbuy,Other,2011,2012,125
Google,eBook Technologies,Other,2011,2012,125
Google,Punchd,Other,2011,2012,125
Google,BeatThatQuote.com,Other,2011,2012,125
Google,PushLife,Other,2011,2012,125
Google,TalkBin,Other,2011,2012,125
Google,Katango,Other,2011,2012,125
Google,PostRank,Other,2011,2012,125
Google,Apture,Other,2011,2012,125
Google,SageTV,Other,2011,2012,125
Google,Zagat,Other,2011,2012,125
Google,RightsFlow,Other,2011,2012,125
Google,ITA Software,Other,2011,2012,125
Google,The Dealmap,Other,2011,2012,125
Google,Incentive Targeting,Software,2012,2013,125
Google,BufferBox,Other,2012,2013,125
Google,VirusTotal,Other,2012,2013,125
Google,Meebo,Other,2012,2013,125
Google,Quickoffice,Other,2012,2013,125
Google,"Wildfire, a division of Google",Other,2012,2013,125
Google,TxVia,Other,2012,2013,125
Google,Nik Software,Other,2012,2013,125
Google,Frommer's,Other,2012,2013,125
Google,KikScore,Other,2012,2013,125
Google,Android,Other,2012,2013,125
Google,Sparrow,Other,2012,2013,125
Google,Motorola Mobility,Other,2012,2013,125
Google,Milk,Other,2012,2013,125
Google,Wavii,Social,2013,2014,125
Google,Channel Intelligence,Other,2013,2014,125
Google,Waze,Other,2013,2014,125
Google,Talaria,Other,2013,2014,125
Google,Behavio,Other,2013,2014,125
Groupon,SoSasta.com,eCommerce,2010,2011,23
Groupon,Mob.ly,Other,2010,2011,23
Groupon,Ludic Labs,Other,2010,2011,23
Groupon,Citydeal.de,Other,2010,2011,23
Groupon,ClanDescuento,Other,2010,2011,23
Groupon,OpenCal,Software,2011,2012,23
Groupon,Campfire Labs,Other,2011,2012,23
Groupon,Darberry,Other,2011,2012,23
Groupon,Disdus.com,Other,2011,2012,23
Groupon,Zappedy,Other,2011,2012,23
Groupon,Pelago,Other,2011,2012,23
Groupon,Obtiva,Other,2011,2012,23
Groupon,Hyperpublic,Search,2012,2013,23
Groupon,Savored,Other,2012,2013,23
Groupon,Breadcrumb,Other,2012,2013,23
Groupon,Mertado,Other,2012,2013,23
Groupon,Kima Labs,Other,2012,2013,23
Groupon,Adku,Other,2012,2013,23
Groupon,CommerceInterface,Other,2012,2013,23
Groupon,Uptake,Other,2012,2013,23
Groupon,FeeFighters,Other,2012,2013,23
Groupon,Glassmap,Social,2013,2014,23
Groupon,MashLogic,Other,2013,2014,23
Hewlett-Packard,Eon Systems,Software,1989,1990,83
Hewlett-Packard,Apollo Computer,Other,1989,1990,83
Hewlett-Packard,Avantek,Hardware,1991,1992,83
Hewlett-Packard,Applied Optoelectronic Tech,Other,1991,1992,83
Hewlett-Packard,ABB CADE,Other,1991,1992,83
Hewlett-Packard,Four Pi Systems,Other,1993,1994,83
Hewlett-Packard,Metrix Network Systems,Other,1993,1994,83
Hewlett-Packard,BT & D Technologies,Other,1993,1994,83
Hewlett-Packard,EEsof,Other,1993,1994,83
Hewlett-Packard,Colorado Memory Systems,Hardware,1994,1995,83
Hewlett-Packard,Versatest,Other,1994,1995,83
Hewlett-Packard,Convex Computer,Software,1995,1996,83
Hewlett-Packard,CaLan,Other,1995,1996,83
Hewlett-Packard,ElseWare,Other,1995,1996,83
Hewlett-Packard,Trellis Software & Controls,Software,1996,1997,83
Hewlett-Packard,Division,Other,1996,1997,83
Hewlett-Packard,Vital Technology Pte Ltd,Hardware,1997,1998,83
Hewlett-Packard,PROLIN,Other,1997,1998,83
Hewlett-Packard,Optimization Systems,Other,1997,1998,83
Hewlett-Packard,Heartstream,Other,1998,1999,83
Hewlett-Packard,Scope Communications,Other,1998,1999,83
Hewlett-Packard,Open Skies,Other,1998,1999,83
Hewlett-Packard,Telegra,Software,1999,2000,83
Hewlett-Packard,Transoft Networks,Other,1999,2000,83
Hewlett-Packard,Dazel,Other,1999,2000,83
Hewlett-Packard,Security Force Software,Other,1999,2000,83
Hewlett-Packard,Qosnetics,Other,1999,2000,83
Hewlett-Packard,Compaq,Hardware,2001,2002,83
Hewlett-Packard,Bluestone Software,Other,2001,2002,83
Hewlett-Packard,Trinagy,Other,2001,2002,83
Hewlett-Packard,StorageApps,Other,2001,2002,83
Hewlett-Packard,Indigo,Other,2001,2002,83
Hewlett-Packard,PipeBeach,Other,2003,2004,83
Hewlett-Packard,Extreme Logic,Other,2003,2004,83
Hewlett-Packard,Talking Blocks,Other,2003,2004,83
Hewlett-Packard,Persist Technologies,Other,2003,2004,83
Hewlett-Packard,Consera Software,Software,2004,2005,83
Hewlett-Packard,Triaton,Other,2004,2005,83
Hewlett-Packard,TruLogica,Other,2004,2005,83
Hewlett-Packard,CEC Europe Service Management,Other,2004,2005,83
Hewlett-Packard,Novadigm,Other,2004,2005,83
Hewlett-Packard,Synstar,Other,2004,2005,83
Hewlett-Packard,Peregrine Systems,Software,2005,2006,83
Hewlett-Packard,RLX Technologies,Other,2005,2006,83
Hewlett-Packard,PIXACO,Other,2005,2006,83
Hewlett-Packard,Scitex Vision,Other,2005,2006,83
Hewlett-Packard,CGNZ,Other,2005,2006,83
Hewlett-Packard,Trustgenix,Other,2005,2006,83
Hewlett-Packard,Snapfish,Other,2005,2006,83
Hewlett-Packard,AppIQ,Other,2005,2006,83
Hewlett-Packard,OuterBay Technologies,Software,2006,2007,83
Hewlett-Packard,Bitfone Corporation,Other,2006,2007,83
Hewlett-Packard,The Technology Partners,Other,2006,2007,83
Hewlett-Packard,Silverwire Holding,Other,2006,2007,83
Hewlett-Packard,Knightsbridge Solutions,Other,2006,2007,83
Hewlett-Packard,VoodooPC,Other,2006,2007,83
Hewlett-Packard,Mercury Interactive,Other,2006,2007,83
Hewlett-Packard,Atos Origin Middle East group,Other,2007,2008,83
Hewlett-Packard,Opsware,Other,2007,2008,83
Hewlett-Packard,Arteis,Other,2007,2008,83
Hewlett-Packard,Bristol Technology,Other,2007,2008,83
Hewlett-Packard,Neoware,Other,2007,2008,83
Hewlett-Packard,MacDermid ColorSpan,Other,2007,2008,83
Hewlett-Packard,EYP Mission Critical Facilities,Other,2007,2008,83
Hewlett-Packard,NUR Macroprinters,Other,2007,2008,83
Hewlett-Packard,Tabblo,Other,2007,2008,83
Hewlett-Packard,PolyServe,Other,2007,2008,83
Hewlett-Packard,SPI Dynamics,Other,2007,2008,83
Hewlett-Packard,Colubris Networks,Other,2008,2009,83
Hewlett-Packard,Exstream Software,Other,2008,2009,83
Hewlett-Packard,Tower Software,Other,2008,2009,83
Hewlett-Packard,Lefthand Networks,Other,2008,2009,83
Hewlett-Packard,3Com,Software,2009,2010,83
Hewlett-Packard,ExcellerateHRO,Other,2009,2010,83
Hewlett-Packard,IBRIX,Other,2009,2010,83
Hewlett-Packard,3PAR,Software,2010,2011,83
Hewlett-Packard,Fortify Software,Other,2010,2011,83
Hewlett-Packard,Stratavia,Other,2010,2011,83
Hewlett-Packard,ArcSight,Other,2010,2011,83
Hewlett-Packard,Melodeo,Other,2010,2011,83
Hewlett-Packard,Hiflex Software,Software,2011,2012,83
Hewlett-Packard,Autonomy Corporation,Other,2011,2012,83
Hewlett-Packard,Vertica Systems,Other,2011,2012,83
HomeAway,GreatRentals.com,eCommerce,2005,2006,16
HomeAway,CyberRentals,Other,2005,2006,16
HomeAway,A1Vacations,Other,2005,2006,16
HomeAway,TripHomes,Other,2005,2006,16
HomeAway,FeWo-direkt.de,Other,2005,2006,16
HomeAway,Holiday-Rentals.co.uk,Other,2005,2006,16
HomeAway,vacationrentals,eCommerce,2007,2008,16
HomeAway,OwnersDirect.co.uk,Other,2007,2008,16
HomeAway,EscapeHomes,eCommerce,2008,2009,16
HomeAway,Homelidays,eCommerce,2009,2010,16
HomeAway,Instant Software,Software,2010,2011,16
HomeAway,Escapia,Other,2010,2011,16
HomeAway,BedandBreakfast.com,Other,2010,2011,16
HomeAway,Realholidays.com.au,eCommerce,2011,2012,16
HomeAway,Second Porch,Other,2011,2012,16
HomeAway,travelmob,eCommerce,2013,2014,16
IAC,Match,Mobile,1999,2000,21
IAC,LendingTree,eCommerce,2003,2004,21
IAC,Expedia,Other,2003,2004,21
IAC,Ticketmaster,Other,2003,2004,21
IAC,Hotwire,Other,2003,2004,21
IAC,Hotels.com,Other,2003,2004,21
IAC,HomeAdvisor,Software,2004,2005,21
IAC,Ask.com,Services,2005,2006,21
IAC,Cornerstone Brands,Other,2005,2006,21
IAC,CollegeHumor,Media,2006,2007,21
IAC,Connected Ventures,Other,2006,2007,21
IAC,Shoebuy,Other,2006,2007,21
IAC,llike.com,Other,2006,2007,21
IAC,Frontline Management,Software,2007,2008,21
IAC,Edodo Interactive,Other,2007,2008,21
IAC,NetClub,Other,2007,2008,21
IAC,Emma Entertainment,Other,2007,2008,21
IAC,StarNet Interactive,eCommerce,2008,2009,21
IAC,Urbanspoon,Search,2009,2010,21
IAC,About.com,Search,2012,2013,21
IAC,Tutor,Other,2013,2014,21
IBM,Lotus Development Corporation,Software,1995,1996,110
IBM,Mainspring,Services,2001,2002,110
IBM,CrossWorlds Software,Software,2002,2003,110
IBM,TrelliSoft,Other,2002,2003,110
IBM,HOLOSOFX,Other,2002,2003,110
IBM,Metamerge,Other,2002,2003,110
IBM,PwC Consulting,Other,2002,2003,110
IBM,Access360,Other,2002,2003,110
IBM,EADS Matra Datavision,Other,2002,2003,110
IBM,Tarian Software,Other,2002,2003,110
IBM,Rational Software,Software,2003,2004,110
IBM,Think Dynamics,Other,2003,2004,110
IBM,Aptrix,Other,2003,2004,110
IBM,CrossAccess,Other,2003,2004,110
IBM,Productivity Solutions,Other,2003,2004,110
IBM,Green Pasture Software,Other,2003,2004,110
IBM,Trigo Technologies,Software,2004,2005,110
IBM,AlphaBlox Corporation,Other,2004,2005,110
IBM,Cyanea Systems,Other,2004,2005,110
IBM,Venetica,Other,2004,2005,110
IBM,Systemcorp A.L.G.,Other,2004,2005,110
IBM,Liberty Insurance Services,Other,2004,2005,110
IBM,Maersk Data,Other,2004,2005,110
IBM,KeyMRO,Other,2004,2005,110
IBM,Candle,Other,2004,2005,110
IBM,SRD,Software,2005,2006,110
IBM,Corio,Other,2005,2006,110
IBM,Gluecode Software,Other,2005,2006,110
IBM,Ascential Software,Other,2005,2006,110
IBM,Meiosys,Other,2005,2006,110
IBM,DWL,Other,2005,2006,110
IBM,Isogon Corporation,Other,2005,2006,110
IBM,PureEdge Solutions,Other,2005,2006,110
IBM,Network Solutions Private Limited,Other,2005,2006,110
IBM,iPhrase Technologies,Other,2005,2006,110
IBM,DataPower Technology,Other,2005,2006,110
IBM,Bowstreet,Other,2005,2006,110
IBM,Valchemy,Software,2006,2007,110
IBM,ARGUS Semiconductor Software,Other,2006,2007,110
IBM,Internet Security Systems,Other,2006,2007,110
IBM,Webify Solutions,Other,2006,2007,110
IBM,CIMS Lab,Other,2006,2007,110
IBM,Viacore,Other,2006,2007,110
IBM,Micromuse,Other,2006,2007,110
IBM,Language Analysis Systems,Other,2006,2007,110
IBM,Rembo Technology,Other,2006,2007,110
IBM,MRO Software,Other,2006,2007,110
IBM,Global Value Solutions,Other,2006,2007,110
IBM,FileNet Corporation,Other,2006,2007,110
IBM,Palisades Technology Partners,Other,2006,2007,110
IBM,Unicorn Solutions,Other,2006,2007,110
IBM,BuildForge,Other,2006,2007,110
IBM,NovusCG,Services,2007,2008,110
IBM,Solid Information Technology,Other,2007,2008,110
IBM,Consul risk management international,Other,2007,2008,110
IBM,Vallent Corporation,Other,2007,2008,110
IBM,Softek Storage Solutions,Other,2007,2008,110
IBM,Watchfire,Other,2007,2008,110
IBM,Webdialogs,Other,2007,2008,110
IBM,DataMirror,Other,2007,2008,110
IBM,Princeton Softech,Other,2007,2008,110
IBM,Telelogic,Software,2008,2009,110
IBM,Platform Solutions,Other,2008,2009,110
IBM,Diligent Technologies,Other,2008,2009,110
IBM,Encentuate,Other,2008,2009,110
IBM,AptSoft,Other,2008,2009,110
IBM,Arsenal Digital Solutions,Other,2008,2009,110
IBM,Net Integration Technologies,Other,2008,2009,110
IBM,Transitive,Other,2008,2009,110
IBM,Cognos,Other,2008,2009,110
IBM,ILOG,Other,2008,2009,110
IBM,XIV,Other,2008,2009,110
IBM,InfoDyne Corporation,Other,2008,2009,110
IBM,FilesX,Other,2008,2009,110
IBM,Outblaze,Gaming,2009,2010,110
IBM,Ounce Labs,Software,2009,2010,110
IBM,SPSS,Other,2009,2010,110
IBM,Guardium,Mobile,2009,2010,110
IBM,Exeros,Services,2009,2010,110
IBM,Lombardi Software,Services,2009,2010,110
IBM,RedPill Solutions,Advertising,2009,2010,110
IBM,Cast Iron Systems,Software,2010,2011,110
IBM,Clarity Systems,Other,2010,2011,110
IBM,Unica,Other,2010,2011,110
IBM,Coremetrics,Other,2010,2011,110
IBM,BigFix,Other,2010,2011,110
IBM,Initiate Systems,Other,2010,2011,110
IBM,PSS Systems,Other,2010,2011,110
IBM,Intelliden,Other,2010,2011,110
IBM,Storwize,Other,2010,2011,110
IBM,Netezza,Other,2010,2011,110
IBM,BLADE Network Technologies,Other,2010,2011,110
IBM,Q1 Labs,Services,2011,2012,110
IBM,Algorithmics,Other,2011,2012,110
IBM,TRIRIGA,Other,2011,2012,110
IBM,DemandTec,Other,2011,2012,110
IBM,Emptoris,Other,2011,2012,110
IBM,Platform Computing,Other,2011,2012,110
IBM,i2,Other,2011,2012,110
IBM,Green Hat,Software,2012,2013,110
IBM,Butterfly Software,Other,2012,2013,110
IBM,Worklight,Other,2012,2013,110
IBM,Vivisimo,Other,2012,2013,110
IBM,Tealeaf,Other,2012,2013,110
IBM,Kenexa,Other,2012,2013,110
IBM,Varicent Software,Other,2012,2013,110
IBM,SoftLayer,Services,2013,2014,110
IBM,Star Analytics,Software,2013,2014,110
IBM,Urbancode,Other,2013,2014,110
IBM,CSL International,Other,2013,2014,110
Intel,Corollary,Hardware,1997,1998,50
Intel,Dayna Communications,Other,1997,1998,50
Intel,Chips and Technologies,Other,1997,1998,50
Intel,Shiva Corporation,Services,1998,1999,50
Intel,iCat,Other,1998,1999,50
Intel,NetBoost,Hardware,1999,2000,50
Intel,Level One Communications,Other,1999,2000,50
Intel,Parity Software Development,Other,1999,2000,50
Intel,Softcom Microsystems,Other,1999,2000,50
Intel,iPivot,Other,1999,2000,50
Intel,XLNT,Other,1999,2000,50
Intel,DataKinetics,Software,2000,2001,50
Intel,Ziatech,Other,2000,2001,50
Intel,Ford Microelectronics,Other,2000,2001,50
Intel,Basis Communications,Other,2000,2001,50
Intel,Kuck & Associates,Other,2000,2001,50
Intel,Picazo Communications,Other,2000,2001,50
Intel,GIGA,Other,2000,2001,50
Intel,Thinkit Technologies,Other,2000,2001,50
Intel,Ambient Technologies,Other,2000,2001,50
Intel,Voice Technologies,Other,2000,2001,50
Intel,Cognet,Other,2001,2002,50
Intel,LightLogic,Other,2001,2002,50
Intel,VxTel,Other,2001,2002,50
Intel,CAD-UL,Other,2001,2002,50
Intel,Xircom,Other,2001,2002,50
Intel,Sparkolor Corporation,Services,2002,2003,50
Intel,West Bay Semiconductor,Hardware,2003,2004,50
Intel,Mobilian,Other,2003,2004,50
Intel,Envara,Hardware,2004,2005,50
Intel,Sarvega,Other,2005,2006,50
Intel,Oplus Technologies,Other,2005,2006,50
Intel,Conformative Systems,Hardware,2006,2007,50
Intel,Havok,Software,2007,2008,50
Intel,NetEffect,Hardware,2008,2009,50
Intel,Opened Hand,Other,2008,2009,50
Intel,Wind River,Software,2009,2010,50
Intel,RapidMind,Other,2009,2010,50
Intel,Swiftfoot Graphics AB,Other,2009,2010,50
Intel,Cilk,Other,2009,2010,50
Intel,Infineon Technologies,Hardware,2010,2011,50
Intel,CognoVision,Other,2010,2011,50
Intel,Virtutech,Other,2010,2011,50
Intel,Fulcrum Microsystems,Hardware,2011,2012,50
Intel,SySDSoft,Other,2011,2012,50
Intel,Whamcloud,Other,2012,2013,50
Intel,Olaworks,Other,2012,2013,50
Intel,Aepona,Services,2013,2014,50
Intel,Omek Interactive,Other,2013,2014,50
Intel,Mashery,Other,2013,2014,50
Internet Brands,Jelsoft,Software,2007,2008,14
Internet Brands,ApartmentRatings,Other,2007,2008,14
Internet Brands,CVTips,Services,2009,2010,14
Internet Brands,GrooveJob,Other,2009,2010,14
Internet Brands,Steve's Digicams,Other,2009,2010,14
Internet Brands,SellMyCar,Other,2009,2010,14
Internet Brands,BusinessMart.com,Other,2009,2010,14
Internet Brands,BusinessFinance.com,Other,2009,2010,14
Internet Brands,KidsCamps.com,Other,2009,2010,14
Internet Brands,Tjoos,eCommerce,2010,2011,14
Internet Brands,ExpertHub,Advertising,2010,2011,14
Internet Brands,JustMommies.com,Social,2011,2012,14
Internet Brands,Weddingbee.com,Gaming,2011,2012,14
Internet Brands,Forum Runner,Social,2012,2013,14
Intuit,Digital Insight,Other,2006,2007,11
Intuit,StepUp,Other,2006,2007,11
Intuit,Homestead Technologies,eCommerce,2008,2009,11
Intuit,Mint.com,Services,2009,2010,11
Intuit,BooRah,Services,2009,2010,11
Intuit,PayCycle,Other,2009,2010,11
Intuit,Medfusion,Software,2010,2011,11
Intuit,Demandforce,Software,2012,2013,11
Intuit,AisleBuyer,Other,2012,2013,11
Intuit,Payvment,eCommerce,2013,2014,11
Intuit,Elastic Intelligence,Other,2013,2014,11
KIT digital,Kamera,Gaming,2008,2009,13
KIT digital,Visual Connection,Other,2008,2009,13
KIT digital,Morpheum,Other,2008,2009,13
KIT digital,Narrowstep,Services,2009,2010,13
KIT digital,The FeedRoom,Other,2009,2010,13
KIT digital,Accela Communications,Services,2010,2011,13
KIT digital,Multicast Media,Other,2010,2011,13
KIT digital,Benchmark Broadcast Systems,Other,2010,2011,13
KIT digital,Brickbox Digital Media,Other,2010,2011,13
KIT digital,TXT Polymedia,Software,2011,2012,13
KIT digital,Kyte,Gaming,2011,2012,13
KIT digital,Kewego,Gaming,2011,2012,13
KIT digital,ioko,Other,2011,2012,13
McAfee,SiteAdvisor,Other,2006,2007,12
McAfee,SafeBoot,Software,2007,2008,12
McAfee,Reconnex,Other,2008,2009,12
McAfee,Secure Computing,Other,2008,2009,12
McAfee,Lockdown Networks,Other,2008,2009,12
McAfee,Solidcore Systems,Software,2009,2010,12
McAfee,MX Logic,Other,2009,2010,12
McAfee,Trust Digital,Mobile,2010,2011,12
McAfee,tenCube,Mobile,2010,2011,12
McAfee,NitroSecurity,Other,2011,2012,12
McAfee,Sentrigo,Other,2011,2012,12
McAfee,Stonesoft,Services,2013,2014,12
Microsoft,Forethought,Software,1987,1988,123
Microsoft,Consumers Software,Software,1991,1992,123
Microsoft,Fox Software,Software,1992,1993,123
Microsoft,VideoSurf,Media,1993,1994,123
Microsoft,Altamira Software,Software,1994,1995,123
Microsoft,NextBase,Other,1994,1995,123
Microsoft,One Tree Software Ltd,Other,1994,1995,123
Microsoft,RenderMorphics,Gaming,1995,1996,123
Microsoft,Blue Ribbon SoundWorks,Software,1995,1996,123
Microsoft,Netwise,Services,1995,1996,123
Microsoft,Network Managers,Advertising,1995,1996,123
Microsoft,Bruce Artwick Organization,Gaming,1995,1996,123
Microsoft,Exos,Services,1996,1997,123
Microsoft,Colusa Software,Services,1996,1997,123
Microsoft,Vermeer Technologies,Other,1996,1997,123
Microsoft,Aspect Software Engineering,Other,1996,1997,123
Microsoft,Electric Gravity,Other,1996,1997,123
Microsoft,NetCarta,Other,1996,1997,123
Microsoft,eShop,Other,1996,1997,123
Microsoft,Cooper & Peters,Software,1997,1998,123
Microsoft,WebTV Networks,Other,1997,1998,123
Microsoft,LinkAge Software,Other,1997,1998,123
Microsoft,VXtreme,Other,1997,1998,123
Microsoft,Windows Live Hotmail,Other,1997,1998,123
Microsoft,HotMail,Other,1997,1998,123
Microsoft,Firefly Network,Social,1998,1999,123
Microsoft,MESA Group,Other,1998,1999,123
Microsoft,linkexchange,Other,1998,1999,123
Microsoft,Valence Technology,Other,1998,1999,123
Microsoft,FASA Interactive,Gaming,1999,2000,123
Microsoft,Numinous Technologies,Gaming,1999,2000,123
Microsoft,OmniBrowse,Other,1999,2000,123
Microsoft,Sendit,Other,1999,2000,123
Microsoft,ShadowFactor Software,Other,1999,2000,123
Microsoft,Zoomit,Other,1999,2000,123
Microsoft,STNC,Other,1999,2000,123
Microsoft,Softway Systems,Other,1999,2000,123
Microsoft,Entropic,Other,1999,2000,123
Microsoft,Visio Corporation,Other,1999,2000,123
Microsoft,Jump Networks,Other,1999,2000,123
Microsoft,CompareNet,Other,1999,2000,123
Microsoft,Peach Networks,Media,2000,2001,123
Microsoft,Bungie Software,Other,2000,2001,123
Microsoft,NetGames,Other,2000,2001,123
Microsoft,Pacific Microsonics,Other,2000,2001,123
Microsoft,Great Plains Software,Other,2000,2001,123
Microsoft,MongoMusic,Other,2000,2001,123
Microsoft,NCompass Labs,Software,2001,2002,123
Microsoft,XDegrees,Software,2002,2003,123
Microsoft,Vicinity Corporation,Software,2002,2003,123
Microsoft,"Rare, Inc.",Software,2002,2003,123
Microsoft,Navision,Software,2002,2003,123
Microsoft,PlaceWare,Software,2003,2004,123
Microsoft,Connectix,Other,2003,2004,123
Microsoft,GIANT Company Software,Software,2004,2005,123
Microsoft,ActiveViews,Other,2004,2005,123
Microsoft,Groove Networks,Software,2005,2006,123
Microsoft,Alacris,Other,2005,2006,123
Microsoft,FolderShare,Other,2005,2006,123
Microsoft,Media-Streams.com,Other,2005,2006,123
Microsoft,Teleo,Other,2005,2006,123
Microsoft,Frontbridge Technologies,Other,2005,2006,123
Microsoft,Sybari,Other,2005,2006,123
Microsoft,MessageCast,Other,2005,2006,123
Microsoft,Gteko,Software,2006,2007,123
Microsoft,SeaDragon Software,Other,2006,2007,123
Microsoft,Vexcel,Other,2006,2007,123
Microsoft,DeepMetrix,Other,2006,2007,123
Microsoft,iView Multimedia,Other,2006,2007,123
Microsoft,DesktopStandard,Other,2006,2007,123
Microsoft,Massive,Other,2006,2007,123
Microsoft,ProClarity,Other,2006,2007,123
Microsoft,Colloquis,Other,2006,2007,123
Microsoft,Azyxxi,Other,2006,2007,123
Microsoft,Winternals,Other,2006,2007,123
Microsoft,Softricity,Other,2006,2007,123
Microsoft,Apptimum,Other,2006,2007,123
Microsoft,Onfolio,Other,2006,2007,123
Microsoft,Lionhead Studios,Other,2006,2007,123
Microsoft,Whale Communications,Other,2006,2007,123
Microsoft,Motion Bridge,Other,2006,2007,123
Microsoft,AssetMetrix Corporation,Other,2006,2007,123
Microsoft,devBiz Business Solutions,Software,2007,2008,123
Microsoft,Engyro,Other,2007,2008,123
Microsoft,Stratature,Other,2007,2008,123
Microsoft,Parlano,Other,2007,2008,123
Microsoft,jellyfish,Other,2007,2008,123
Microsoft,aQuantive,Other,2007,2008,123
Microsoft,MultiMap,Other,2007,2008,123
Microsoft,Global Care Solutions,Other,2007,2008,123
Microsoft,AdECN,Other,2007,2008,123
Microsoft,Medstory,Other,2007,2008,123
Microsoft,Screen Tonic,Other,2007,2008,123
Microsoft,Danger,Software,2008,2009,123
Microsoft,90 Degree Software,Other,2008,2009,123
Microsoft,Powerset,Other,2008,2009,123
Microsoft,Farecast,Other,2008,2009,123
Microsoft,Calista Technologies,Other,2008,2009,123
Microsoft,Fast Search & Transfer,Other,2008,2009,123
Microsoft,Credentica,Other,2008,2009,123
Microsoft,Kidaro,Other,2008,2009,123
Microsoft,Rapt,Other,2008,2009,123
Microsoft,Navic Networks,Other,2008,2009,123
Microsoft,MobiComp,Other,2008,2009,123
Microsoft,Zoomix,Other,2008,2009,123
Microsoft,DATAllegro,Other,2008,2009,123
Microsoft,Komoku,Other,2008,2009,123
Microsoft,Caligari Corporation,Other,2008,2009,123
Microsoft,Interactive Supercomputing,Software,2009,2010,123
Microsoft,Sentillion,Software,2009,2010,123
Microsoft,BigPark,Software,2009,2010,123
Microsoft,Rosetta Biosoftware,Software,2009,2010,123
Microsoft,Opalis Software,Software,2009,2010,123
Microsoft,Canesta,Hardware,2010,2011,123
Microsoft,YaData,Other,2010,2011,123
Microsoft,Twisted Pixel Games,Gaming,2011,2012,123
Microsoft,Yammer,Social,2012,2013,123
Microsoft,PhoneFactor,Software,2012,2013,123
Microsoft,StorSimple,Other,2012,2013,123
Microsoft,Perceptive Pixel,Other,2012,2013,123
Microsoft,R2 Studios,Gaming,2013,2014,123
Microsoft,MetricsHub,Other,2013,2014,123
Microsoft,InRelease,Gaming,2013,2014,123
Nokia,Ipsilon Networks,Hardware,1997,1998,34
Nokia,User Interface Design,Hardware,1998,1999,34
Nokia,NE-Products,Other,1998,1999,34
Nokia,Vienna Systems Corporation,Other,1998,1999,34
Nokia,"Rooftop Communications, LLC",Advertising,1999,2000,34
Nokia,Diamond Lane Communications,Hardware,1999,2000,34
Nokia,Telekol Corporation,Other,1999,2000,34
Nokia,inTALK,Other,1999,2000,34
Nokia,Network Alchemy,Services,2000,2001,34
Nokia,DiscoveryCom,Other,2000,2001,34
Nokia,Ramp Networks,Other,2000,2001,34
Nokia,Amber Networks,Hardware,2001,2002,34
Nokia,Eizel Technologies,Hardware,2003,2004,34
Nokia,Sega,Other,2003,2004,34
Nokia,gate5,Mobile,2006,2007,34
Nokia,Intellisync,Other,2006,2007,34
Nokia,Enpocket,Advertising,2007,2008,34
Nokia,Twango,Other,2007,2008,34
Nokia,Pixto,Other,2007,2008,34
Nokia,Navteq,Software,2008,2009,34
Nokia,Plazes,Other,2008,2009,34
Nokia,OZ Communications,Other,2008,2009,34
Nokia,TrollTech,Other,2008,2009,34
Nokia,Symbian Software Ltd.,Other,2008,2009,34
Nokia,Dopplr,Social,2009,2010,34
Nokia,Cellity,Other,2009,2010,34
Nokia,Plum,Other,2009,2010,34
Nokia,Bit-side,Other,2009,2010,34
Nokia,MetaCarta,Mobile,2010,2011,34
Nokia,Motally,Mobile,2010,2011,34
Nokia,Novarra,Software,2010,2011,34
Nokia,Smarterphone,Software,2012,2013,34
Nokia,earthmine,Other,2012,2013,34
Nokia,Scalado,Other,2012,2013,34
Northrop Grumman,Newport News Shipbuilding,Services,2001,2002,10
Northrop Grumman,Litton Industries,Hardware,2001,2002,10
Northrop Grumman,TRW,Other,2002,2003,10
Northrop Grumman,Fibersense Technology,Other,2002,2003,10
Northrop Grumman,XonTech,Other,2003,2004,10
Northrop Grumman,Integic Corporation,Other,2005,2006,10
Northrop Grumman,Essex Corporation,Other,2006,2007,10
Northrop Grumman,Scaled Composites,Other,2007,2008,10
Northrop Grumman,3001,Software,2008,2009,10
Northrop Grumman,M5 Network Security,Software,2012,2013,10
Nuance Communications,Tegic,Software,2007,2008,15
Nuance Communications,SNAPin Software,Software,2008,2009,15
Nuance Communications,SpinVox,Social,2009,2010,15
Nuance Communications,Jott,Other,2009,2010,15
Nuance Communications,Language & Computing,Software,2010,2011,15
Nuance Communications,ShapeWriter,Other,2010,2011,15
Nuance Communications,MacSpeech,Other,2010,2011,15
Nuance Communications,Webmedx,Other,2011,2012,15
Nuance Communications,Swype,Other,2011,2012,15
Nuance Communications,Loquendo,Other,2011,2012,15
Nuance Communications,Vlingo,Other,2011,2012,15
Nuance Communications,Equitrac,Other,2011,2012,15
Nuance Communications,SVOX,Other,2011,2012,15
Nuance Communications,Transcend Services,Software,2012,2013,15
Nuance Communications,Ditech Networks,Other,2012,2013,15
Omnicom Group,Schechter Group,Advertising,1988,1989,18
Omnicom Group,TBWA Worldwide,Advertising,1993,1994,18
Omnicom Group,Ketchum Communications Holdings,Services,1996,1997,18
Omnicom Group,Fleishman-Hillard,Services,1997,1998,18
Omnicom Group,Cone,Services,1999,2000,18
Omnicom Group,Tudhope Associates,Services,2000,2001,18
Omnicom Group,Stratcom Communique,Services,2001,2002,18
Omnicom Group,Arnell Group,Other,2001,2002,18
Omnicom Group,Grizzard Communications Group,Other,2001,2002,18
Omnicom Group,Integrated Merchandising Systems,Other,2001,2002,18
Omnicom Group,Organic,Advertising,2002,2003,18
Omnicom Group,Aaron Walton Entertainment,Media,2002,2003,18
Omnicom Group,Changing Our World,Other,2002,2003,18
Omnicom Group,Serino Coyne,Advertising,2003,2004,18
Omnicom Group,ipsh,Advertising,2005,2006,18
Omnicom Group,Rodgers Townsend,Advertising,2006,2007,18
Omnicom Group,Signature Graphics,Advertising,2007,2008,18
Omnicom Group,ASA Holdings,Other,2007,2008,18
Oracle Corporation,Steltor,Other,2002,2003,75
Oracle Corporation,NetForce,Other,2002,2003,75
Oracle Corporation,SiteWorks Solutions,Services,2004,2005,75
Oracle Corporation,Collaxa,Other,2004,2005,75
Oracle Corporation,PeopleSoft,Other,2004,2005,75
Oracle Corporation,ProfitLogic,Software,2005,2006,75
Oracle Corporation,Retek,Other,2005,2006,75
Oracle Corporation,TimesTen,Other,2005,2006,75
Oracle Corporation,G-Log,Other,2005,2006,75
Oracle Corporation,Innobase,Other,2005,2006,75
Oracle Corporation,Thor Technologies,Other,2005,2006,75
Oracle Corporation,Octetstring,Other,2005,2006,75
Oracle Corporation,Temposoft,Other,2005,2006,75
Oracle Corporation,Oblix,Other,2005,2006,75
Oracle Corporation,Portal Software,Software,2006,2007,75
Oracle Corporation,Siebel Systems,Other,2006,2007,75
Oracle Corporation,MetaSolv,Other,2006,2007,75
Oracle Corporation,360Commerce,Other,2006,2007,75
Oracle Corporation,Hotsip,Other,2006,2007,75
Oracle Corporation,Sleepycat Software,Other,2006,2007,75
Oracle Corporation,Demantra,Other,2006,2007,75
Oracle Corporation,Sunopsis,Other,2006,2007,75
Oracle Corporation,SPL WorldGroup,Other,2006,2007,75
Oracle Corporation,Stellent,Other,2006,2007,75
Oracle Corporation,Hyperion Solutions,Services,2007,2008,75
Oracle Corporation,LODESTAR Corporation,Other,2007,2008,75
Oracle Corporation,Tangosol,Other,2007,2008,75
Oracle Corporation,LogicalApps,Other,2007,2008,75
Oracle Corporation,Agile Software,Other,2007,2008,75
Oracle Corporation,Netsure Telecom,Other,2007,2008,75
Oracle Corporation,Bridgestream,Other,2007,2008,75
Oracle Corporation,Bharosa,Other,2007,2008,75
Oracle Corporation,Active Reasoning,Other,2007,2008,75
Oracle Corporation,BEA Systems,Software,2008,2009,75
Oracle Corporation,Tacit Software,Other,2008,2009,75
Oracle Corporation,Primavera Systems,Other,2008,2009,75
Oracle Corporation,Skywire Software,Other,2008,2009,75
Oracle Corporation,AdminServer,Other,2008,2009,75
Oracle Corporation,Global Knowledge Software,Other,2008,2009,75
Oracle Corporation,Advanced Visual Technology,Other,2008,2009,75
Oracle Corporation,RuleBurst Holdings,Other,2008,2009,75
Oracle Corporation,ClearApp,Other,2008,2009,75
Oracle Corporation,Sun Microsystems,Software,2009,2010,75
Oracle Corporation,Virtual Iron Software,Other,2009,2010,75
Oracle Corporation,Relsys International,Other,2009,2010,75
Oracle Corporation,Sophoi,Other,2009,2010,75
Oracle Corporation,Conformia Software,Other,2009,2010,75
Oracle Corporation,mValent,Other,2009,2010,75
Oracle Corporation,HyperRoll,Other,2009,2010,75
Oracle Corporation,Phase Forward,Software,2010,2011,75
Oracle Corporation,Passlogix,Other,2010,2011,75
Oracle Corporation,AmberPoint,Other,2010,2011,75
Oracle Corporation,Secerno,Other,2010,2011,75
Oracle Corporation,Convergin,Other,2010,2011,75
Oracle Corporation,Silver Creek Systems,Other,2010,2011,75
Oracle Corporation,GoAhead Software,Software,2011,2012,75
Oracle Corporation,Pillar Data Systems,Software,2011,2012,75
Oracle Corporation,ATG (Art Technology Group),Software,2011,2012,75
Oracle Corporation,Endeca,Software,2011,2012,75
Oracle Corporation,InQuira,Software,2011,2012,75
Oracle Corporation,Fatwire,Software,2011,2012,75
Oracle Corporation,RightNow Technologies,Software,2011,2012,75
Oracle Corporation,ClearTrial,Software,2012,2013,75
Oracle Corporation,Taleo,Other,2012,2013,75
Oracle Corporation,Xsigo,Other,2012,2013,75
Oracle Corporation,Skire,Other,2012,2013,75
Oracle Corporation,SelectMinds,Other,2012,2013,75
Oracle Corporation,Eloqua,Other,2012,2013,75
Oracle Corporation,Vitrue,Other,2012,2013,75
Oracle Corporation,Collective Intellect,Other,2012,2013,75
Oracle Corporation,Involver,Other,2012,2013,75
Oracle Corporation,DataRaker,Other,2012,2013,75
Oracle Corporation,Nimbula,Software,2013,2014,75
Oracle Corporation,Tekelec International,Other,2013,2014,75
Oracle Corporation,Acme Packet,Other,2013,2014,75
Qualcomm,Now Software,Software,1997,1998,15
Qualcomm,SnapTrack,Services,2000,2001,15
Qualcomm,Within Technology,Other,2000,2001,15
Qualcomm,Trigenix,Other,2004,2005,15
Qualcomm,ELATA,Software,2005,2006,15
Qualcomm,Berkana Wireless,Hardware,2006,2007,15
Qualcomm,TeleCIS Wireless,Hardware,2007,2008,15
Qualcomm,SoftMax,Software,2007,2008,15
Qualcomm,Xiam,Mobile,2008,2009,15
Qualcomm,Digital Fountain,Gaming,2009,2010,15
Qualcomm,AMD Handheld Graphics,Hardware,2009,2010,15
Qualcomm,HaloIPT,Hardware,2011,2012,15
Qualcomm,Rapid Bridge,Other,2011,2012,15
Qualcomm,Qualcomm Atheros,Other,2011,2012,15
Qualcomm,DesignArt Networks,Mobile,2012,2013,15
Rakuten,LinkShare,Social,2005,2006,10
Rakuten,Buy.com,eCommerce,2010,2011,10
Rakuten,PriceMinister,Other,2010,2011,10
Rakuten,eBank,Other,2010,2011,10
Rakuten,Play.com,eCommerce,2011,2012,10
Rakuten,Ikeda,eCommerce,2011,2012,10
Rakuten,Kobo,Other,2011,2012,10
Rakuten,Tradoria,Other,2011,2012,10
Rakuten,wuaki.tv,Media,2012,2013,10
Rakuten,Webgistix,eCommerce,2013,2014,10
Real Networks,Vivo Software,Software,1998,1999,13
Real Networks,Xing Technology,Software,1999,2000,13
Real Networks,NetZip,Software,2000,2001,13
Real Networks,Listen.com,Media,2003,2004,13
Real Networks,GameHouse,Gaming,2004,2005,13
Real Networks,Mr.Goodliving,Gaming,2005,2006,13
Real Networks,Zylom Media Group,Gaming,2006,2007,13
Real Networks,WiderThan,Gaming,2006,2007,13
Real Networks,Sony NetServices,Media,2007,2008,13
Real Networks,Atrativa,Other,2007,2008,13
Real Networks,Game Trust,Other,2007,2008,13
Real Networks,Trymedia,Gaming,2008,2009,13
Real Networks,Backstage Technologies,Social,2010,2011,13
Salesforce,Sendia,Hardware,2006,2007,26
Salesforce,Kieden,Software,2006,2007,26
Salesforce,Koral Technologies,Software,2007,2008,26
Salesforce,InStranet,Software,2008,2009,26
Salesforce,Informavores,Software,2009,2010,26
Salesforce,GroupSwim,Other,2009,2010,26
Salesforce,Sitemasher,Software,2010,2011,26
Salesforce,Heroku,Services,2010,2011,26
Salesforce,Jigsaw,Services,2010,2011,26
Salesforce,Activa Live,Other,2010,2011,26
Salesforce,Etacts,Other,2010,2011,26
Salesforce,Salesforce Radian6,Social,2011,2012,26
Salesforce,Rypple,Other,2011,2012,26
Salesforce,Dimdim,Other,2011,2012,26
Salesforce,Model Metrics,Other,2011,2012,26
Salesforce,Desk,Other,2011,2012,26
Salesforce,Manymoon,Other,2011,2012,26
Salesforce,Thinkfuse,Software,2012,2013,26
Salesforce,Salesforce Buddy Media,Other,2012,2013,26
Salesforce,Stypi,Other,2012,2013,26
Salesforce,ChoicePass,Other,2012,2013,26
Salesforce,GoInstant,Other,2012,2013,26
Salesforce,ExactTarget,Advertising,2013,2014,26
Salesforce,EntropySoft,Other,2013,2014,26
Salesforce,Clipboard,Other,2013,2014,26
Salesforce,EdgeSpring,Other,2013,2014,26
Symantec,Recourse Technologies,Other,2002,2003,17
Symantec,@Stake,Other,2004,2005,17
Symantec,TurnTide,Other,2004,2005,17
Symantec,Brightmail,Software,2004,2005,17
Symantec,Vontu,Software,2007,2008,17
Symantec,MessageLabs,Other,2008,2009,17
Symantec,SwapDrive,Software,2008,2009,17
Symantec,PC Tools,Other,2008,2009,17
Symantec,AppStream,Other,2008,2009,17
Symantec,Mi5 Networks,Other,2009,2010,17
Symantec,VeriSign Authentication Services,Other,2010,2011,17
Symantec,GuardianEdge Technologies,Other,2010,2011,17
Symantec,PGP Corporation,Other,2010,2011,17
Symantec,Clearwell Systems,Software,2011,2012,17
Symantec,Nukona,Mobile,2012,2013,17
Symantec,LiveOffice,Other,2012,2013,17
Symantec,PasswordBank,Other,2013,2014,17
The Walt Disney Company,RaisingKids,Other,2008,2009,15
The Walt Disney Company,Togetherville,Social,2011,2012,15
The Walt Disney Company,Lucasfilm,Media,2012,2013,15
The Walt Disney Company,Capital Cities ABC,Other,1995,1996,15
The Walt Disney Company,Fox Family Worldwide,Media,2001,2002,15
The Walt Disney Company,Pixar,Media,2006,2007,15
The Walt Disney Company,Club Penguin,Gaming,2007,2008,15
The Walt Disney Company,Ideal Bite,Other,2008,2009,15
The Walt Disney Company,Kerpoof,Media,2009,2010,15
The Walt Disney Company,Kaboose,Other,2009,2010,15
The Walt Disney Company,Marvel Entertainment,Other,2009,2010,15
The Walt Disney Company,Playdom,Gaming,2010,2011,15
The Walt Disney Company,Tapulous,Other,2010,2011,15
The Walt Disney Company,Rocket Pack,Gaming,2011,2012,15
The Walt Disney Company,Babble,Other,2011,2012,15
Thomson Reuters,Paisley,Other,2008,2009,12
Thomson Reuters,Planitax,Advertising,2009,2010,12
Thomson Reuters,Streamlogics,Other,2009,2010,12
Thomson Reuters,m35 Limited,Other,2009,2010,12
Thomson Reuters,Indlaw,Other,2009,2010,12
Thomson Reuters,Vhayu Technologies,Other,2009,2010,12
Thomson Reuters,Hugin Group,Other,2009,2010,12
Thomson Reuters,Breakingviews,Other,2009,2010,12
Thomson Reuters,Discovery Logic,Other,2010,2011,12
Thomson Reuters,Complinet,Other,2010,2011,12
Thomson Reuters,MarkMonitor,Services,2012,2013,12
Thomson Reuters,Apsmart,Other,2012,2013,12
TIBCO Software,Insightful,Software,2008,2009,10
TIBCO Software,DataSynapse,Software,2009,2010,10
TIBCO Software,Loyalty Lab,Services,2010,2011,10
TIBCO Software,Netrics,Other,2010,2011,10
TIBCO Software,Proginet,Other,2010,2011,10
TIBCO Software,OpenSpirit,Other,2010,2011,10
TIBCO Software,Nimbus Partners,Services,2011,2012,10
TIBCO Software,LogLogic,Software,2012,2013,10
TIBCO Software,StreamBase Systems,Software,2013,2014,10
TIBCO Software,Maporama Solutions,Other,2013,2014,10
Trimble,Eleven Technologies,Mobile,2006,2007,11
Trimble,Ntech Industries,Hardware,2009,2010,11
Trimble,QuickPen,Software,2009,2010,11
Trimble,Definiens,Other,2010,2011,11
Trimble,ThingMagic,Other,2010,2011,11
Trimble,PeopleNet,Services,2011,2012,11
Trimble,Dynamic Survey Solutions,Other,2011,2012,11
Trimble,MyTopo,Other,2011,2012,11
Trimble,GEOTrac Systems,Other,2012,2013,11
Trimble,TMW Systems,Other,2012,2013,11
Trimble,Spime,Other,2012,2013,11
TripAdvisor,TravelPod,Services,2007,2008,15
TripAdvisor,The Independent Traveler,Services,2007,2008,15
TripAdvisor,Smarter Travel Media,Services,2007,2008,15
TripAdvisor,FlipKey,Services,2008,2009,15
TripAdvisor,Holiday Watchdog,Gaming,2008,2009,15
TripAdvisor,airfarewatchdog.com,Services,2008,2009,15
TripAdvisor,Kuxun,eCommerce,2009,2010,15
TripAdvisor,holidaylettings.co.uk,Other,2010,2011,15
TripAdvisor,Where I've Been,Services,2011,2012,15
TripAdvisor,EveryTrail,Mobile,2011,2012,15
TripAdvisor,Wanderfly,Services,2012,2013,15
TripAdvisor,Tiny Post,Services,2013,2014,15
TripAdvisor,Jetsetter,Gaming,2013,2014,15
TripAdvisor,GateGuru,Mobile,2013,2014,15
TripAdvisor,Niumba,Software,2013,2014,15
Twitter,Summize,Software,2008,2009,26
Twitter,Values of n,Gaming,2008,2009,26
Twitter,Mixer Labs,Search,2009,2010,26
Twitter,Dabble DB,Software,2010,2011,26
Twitter,Fluther,Advertising,2010,2011,26
Twitter,Atebits,Gaming,2010,2011,26
Twitter,Cloudhopper,Services,2010,2011,26
Twitter,Smallthought Systems,Services,2010,2011,26
Twitter,AdGrok,Advertising,2011,2012,26
Twitter,Whisper Systems,Advertising,2011,2012,26
Twitter,Bagcheck,Mobile,2011,2012,26
Twitter,Julpan,Mobile,2011,2012,26
Twitter,TweetDeck,Software,2011,2012,26
Twitter,BackType,Gaming,2011,2012,26
Twitter,Clutch.io,Mobile,2012,2013,26
Twitter,Hotspots.io,Software,2012,2013,26
Twitter,Vine,Software,2012,2013,26
Twitter,Cabana,Mobile,2012,2013,26
Twitter,Posterous,Software,2012,2013,26
Twitter,Summify,Software,2012,2013,26
Twitter,Dasient,Mobile,2012,2013,26
Twitter,Ubalo,Software,2013,2014,26
Twitter,Lucky Sort,Services,2013,2014,26
Twitter,Spindle,Advertising,2013,2014,26
Twitter,Bluefin Labs,Gaming,2013,2014,26
Twitter,Crashlytics,Services,2013,2014,26
VMware,B-hive Networks,Services,2008,2009,13
VMware,Blue Lane Technologies,Advertising,2008,2009,13
VMware,Thinstall inc,Gaming,2008,2009,13
VMware,SpringSource,Software,2009,2010,13
VMware,Integrien,Software,2010,2011,13
VMware,TriCipher,Advertising,2010,2011,13
VMware,Socialcast,Software,2011,2012,13
VMware,Shavlik Technologies,Services,2011,2012,13
VMware,SlideRocket,Services,2011,2012,13
VMware,DynamicOps,Software,2012,2013,13
VMware,Nicira Networks,Advertising,2012,2013,13
VMware,Wanova,Mobile,2012,2013,13
VMware,Virsto Software,Software,2013,2014,13
WebMediaBrands,Justtechjobs.Com,Services,2006,2007,10
WebMediaBrands,Mediabistro.com,Media,2007,2008,10
WebMediaBrands,BrandsOfTheWorld,Services,2009,2010,10
WebMediaBrands,SocialTimes,Gaming,2009,2010,10
WebMediaBrands,Semantic Universe,Other,2010,2011,10
WebMediaBrands,TVSpy.com,Services,2010,2011,10
WebMediaBrands,3rd Power,Advertising,2010,2011,10
WebMediaBrands,RotorBlog,Gaming,2010,2011,10
WebMediaBrands,Twittercism,Services,2011,2012,10
WebMediaBrands,Inside Network,Services,2011,2012,10
Yahoo!,Four11,Services,1997,1998,87
Yahoo!,Net Controls,Mobile,1997,1998,87
Yahoo!,ClassicGames.com,Other,1998,1999,87
Yahoo!,Yoyodyne Entertainment,Software,1998,1999,87
Yahoo!,Sportasy,Gaming,1998,1999,87
Yahoo!,Webcal,Mobile,1998,1999,87
Yahoo!,Viaweb,Software,1998,1999,87
Yahoo!,GeoCities,Services,1999,2000,87
Yahoo!,Broadcast.com,Mobile,1999,2000,87
Yahoo!,Encompass,Software,1999,2000,87
Yahoo!,HyperParallel,Software,1999,2000,87
Yahoo!,Online Anywhere,Mobile,1999,2000,87
Yahoo!,Log-me-on.com,Services,1999,2000,87
Yahoo!,VivaSmart,eCommerce,2000,2001,87
Yahoo!,eGroups,Advertising,2000,2001,87
Yahoo!,Kimo,Gaming,2000,2001,87
Yahoo!,MyQuest,Services,2000,2001,87
Yahoo!,Arthas,Services,2000,2001,87
Yahoo!,Launch Media,Media,2001,2002,87
Yahoo!,Sold.com.au,Gaming,2001,2002,87
Yahoo!,Hotjobs,Services,2002,2003,87
Yahoo!,Cad_,Services,2002,2003,87
Yahoo!,Overture Services,Advertising,2003,2004,87
Yahoo!,Inktomi,Advertising,2003,2004,87
Yahoo!,AlltheWeb,Mobile,2003,2004,87
Yahoo!,WUF Networks,Software,2004,2005,87
Yahoo!,Musicmatch,Software,2004,2005,87
Yahoo!,Oddpost,Gaming,2004,2005,87
Yahoo!,The All-Seeing Eye,Mobile,2004,2005,87
Yahoo!,Stata Labs,Software,2004,2005,87
Yahoo!,3721 Internet Assistant,Software,2004,2005,87
Yahoo!,Upcoming,Services,2005,2006,87
Yahoo!,Alibaba,Software,2005,2006,87
Yahoo!,Flickr,Software,2005,2006,87
Yahoo!,Whereonearth,Mobile,2005,2006,87
Yahoo!,Konfabulator,Services,2005,2006,87
Yahoo!,Dialpad,Services,2005,2006,87
Yahoo!,Stadeon,Advertising,2005,2006,87
Yahoo!,Verdisoft,Gaming,2005,2006,87
Yahoo!,TeRespondo,Services,2005,2006,87
Yahoo!,Kenet Works,Mobile,2006,2007,87
Yahoo!,Meedio,Advertising,2006,2007,87
Yahoo!,WebJay,Gaming,2006,2007,87
Yahoo!,SearchFox,Services,2006,2007,87
Yahoo!,WRETCH,Services,2006,2007,87
Yahoo!,Bix,Advertising,2006,2007,87
Yahoo!,Jumpcut,Advertising,2006,2007,87
Yahoo!,AdInterax,Mobile,2006,2007,87
Yahoo!,BlueLithium,Advertising,2007,2008,87
Yahoo!,Right Media,Software,2007,2008,87
Yahoo!,MyBlogLog,Gaming,2007,2008,87
Yahoo!,Rivals.com,Mobile,2007,2008,87
Yahoo!,BuzzTracker,Software,2007,2008,87
Yahoo!,FoxyTunes,Software,2008,2009,87
Yahoo!,Maven Networks,Mobile,2008,2009,87
Yahoo!,Inquisitor,Software,2008,2009,87
Yahoo!,Indextools,Software,2008,2009,87
Yahoo!,Xoopit,Social,2009,2010,87
Yahoo!,Koprol,Social,2010,2011,87
Yahoo!,Associated Content,Services,2010,2011,87
Yahoo!,Dapper,Advertising,2010,2011,87
Yahoo!,Maktoob,Gaming,2010,2011,87
Yahoo!,Citizen Sports,Services,2010,2011,87
Yahoo!,5to1,Advertising,2011,2012,87
Yahoo!,interclick,Advertising,2011,2012,87
Yahoo!,IntoNow,Gaming,2011,2012,87
Yahoo!,ONtheAIR,Social,2012,2013,87
Yahoo!,Stamped,Services,2012,2013,87
Yahoo!,GoPollGo,Advertising,2013,2014,87
Yahoo!,Snip.it,Advertising,2013,2014,87
Yahoo!,Xobni,Mobile,2013,2014,87
Yahoo!,Tumblr,Mobile,2013,2014,87
Yahoo!,Astrid,Software,2013,2014,87
Yahoo!,Jybe,Gaming,2013,2014,87
Yahoo!,Rondee,Mobile,2013,2014,87
Yahoo!,Qwiki,Software,2013,2014,87
Yahoo!,MileWise,Software,2013,2014,87
Yahoo!,Summly,Mobile,2013,2014,87
Yahoo!,PlayerScale,Software,2013,2014,87
Yahoo!,alike,Software,2013,2014,87
Yahoo!,Loki Studios,Mobile,2013,2014,87
Yahoo!,GhostBird Software,Services,2013,2014,87
Yahoo!,Bignoggins Productions,Services,2013,2014,87
Yahoo!,Admovate,Advertising,2013,2014,87
Yahoo!,Ztelic,Gaming,2013,2014,87
Yahoo!,Cirius Technologies USA,Advertising,2010,2011,87
Yahoo!,Spreets,eCommerce,2011,2012,87
Zayo Group,VoicePipe,Other,2007,2008,22
Zayo Group,Onvoy,Other,2007,2008,22
Zayo Group,PPL Telecom,Other,2007,2008,22
Zayo Group,Indiana Fiber Works,Other,2007,2008,22
Zayo Group,Memphis Networx,Other,2007,2008,22
Zayo Group,Adesta Assets,Other,2008,2009,22
Zayo Group,CityNet Holdings Assets,Other,2008,2009,22
Zayo Group,CityNet Fiber Networks,Other,2008,2009,22
Zayo Group,CenturyTel Markets,Other,2008,2009,22
Zayo Group,Columbia Fiber Solutions,Other,2008,2009,22
Zayo Group,FiberNet,Other,2009,2010,22
Zayo Group,"Northwest Telephone, Inc.",Gaming,2009,2010,22
Zayo Group,Dolphini Networks,Other,2010,2011,22
Zayo Group,AGL Networks,Services,2010,2011,22
Zayo Group,American Fiber Systems,Advertising,2010,2011,22
Zayo Group,360networks,Services,2011,2012,22
Zayo Group,FiberGate,Other,2012,2013,22
Zayo Group,Arialink,Mobile,2012,2013,22
Zayo Group,MarquisNet,Software,2012,2013,22
Zayo Group,First Telecom Services,Gaming,2012,2013,22
Zayo Group,AboveNet,Mobile,2012,2013,22
Zayo Group,Litecast,Software,2012,2013,22
Zynga,YoVille,Gaming,2008,2009,21
Zynga,MyMiniLife,Gaming,2009,2010,21
Zynga,Dextrose,Gaming,2010,2011,21
Zynga,Conduit Labs,Software,2010,2011,21
Zynga,Challenge Games,Mobile,2010,2011,21
Zynga,Serious Business,Software,2010,2011,21
Zynga,Newtoy,Software,2010,2011,21
Zynga,XPD Media,Mobile,2010,2011,21
Zynga,Bonfire Studios,Services,2010,2011,21
Zynga,DNA Games,Gaming,2011,2012,21
Zynga,Area/Code,Advertising,2011,2012,21
Zynga,Floodgate Entertainment,Gaming,2011,2012,21
Zynga,Wonderland Software,Services,2011,2012,21
Zynga,Flock,Services,2011,2012,21
Zynga,HipLogic,Advertising,2011,2012,21
Zynga,JamLegend,Gaming,2011,2012,21
Zynga,Five Mobile,Mobile,2011,2012,21
Zynga,November Software,Services,2012,2013,21
Zynga,A Bit Lucky,Gaming,2012,2013,21
Zynga,OMGPOP,Advertising,2012,2013,21
Zynga,Spooky Cool Labs,Gaming,2013,2014,21